Gen,Resource,Stamp,TimeStamp_Start,TimeStamp_End,Duration,Indiv_id
0,1,FirstEvaluation,527161930362125,527162327656333,397294208,-1
0,1,STEP,527162327862166,527162335066958,7204792,-1
1,1,STEP,527162335158541,527162339416291,4257750,-1
2,1,STEP,527162339510666,527162343403958,3893292,-1
3,1,STEP,527162343500541,527162346626000,3125459,-1
4,1,STEP,527162346719041,527162349950666,3231625,-1
5,1,STEP,527162350039666,527162352979541,2939875,-1
6,1,STEP,527162353065958,527162356162208,3096250,-1
7,1,STEP,527162356270375,527162359078416,2808041,-1
8,1,STEP,527162359169166,527162361928791,2759625,-1
9,1,STEP,527162362020000,527162365250791,3230791,-1
10,1,STEP,527162365353750,527162367853416,2499666,-1
11,1,STEP,527162367941541,527162370445041,2503500,-1
12,1,STEP,527162370536083,527162372754500,2218417,-1
13,1,STEP,527162372839375,527162374841583,2002208,-1
14,1,STEP,527162374925291,527162377347291,2422000,-1
15,1,STEP,527162377437833,527162379921000,2483167,-1
16,1,STEP,527162380014250,527162382371333,2357083,-1
17,1,STEP,527162382458291,527162384719208,2260917,-1
18,1,STEP,527162384813958,527162386712958,1899000,-1
19,1,STEP,527162386802583,527162388925291,2122708,-1
20,1,STEP,527162389017833,527162391211583,2193750,-1
21,1,STEP,527162391298041,527162392884041,1586000,-1
22,1,STEP,527162392971208,527162394931666,1960458,-1
23,1,STEP,527162395026083,527162397971958,2945875,-1
24,1,STEP,527162398071458,527162400324875,2253417,-1
25,1,STEP,527162400411625,527162402489416,2077791,-1
26,1,STEP,527162402575333,527162404821291,2245958,-1
27,1,STEP,527162404905875,527162406914333,2008458,-1
28,1,STEP,527162407008458,527162409244166,2235708,-1
29,1,STEP,527162409338666,527162411588708,2250042,-1
30,1,STEP,527162411675875,527162413878000,2202125,-1
31,1,STEP,527162413964125,527162416496041,2531916,-1
32,1,STEP,527162416588750,527162418706416,2117666,-1
33,1,STEP,527162418794416,527162421020083,2225667,-1
34,1,STEP,527162421109416,527162423497083,2387667,-1
35,1,STEP,527162423588458,527162425970916,2382458,-1
36,1,STEP,527162426062041,527162428328541,2266500,-1
37,1,STEP,527162428426625,527162430577500,2150875,-1
38,1,STEP,527162430672583,527162432601083,1928500,-1
39,1,STEP,527162432692125,527162434724041,2031916,-1
40,1,STEP,527162434815458,527162436928375,2112917,-1
41,1,STEP,527162437020166,527162439382250,2362084,-1
42,1,STEP,527162439472541,527162441618583,2146042,-1
43,1,STEP,527162441712750,527162443835875,2123125,-1
44,1,STEP,527162443929041,527162446151375,2222334,-1
45,1,STEP,527162446239750,527162448278750,2039000,-1
46,1,STEP,527162448367083,527162450520458,2153375,-1
47,1,STEP,527162450608166,527162452947791,2339625,-1
48,1,STEP,527162453041291,527162455960625,2919334,-1
49,1,STEP,527162456058916,527162458263625,2204709,-1
50,1,STEP,527162458354625,527162460357083,2002458,-1
51,1,STEP,527162460443875,527162462806000,2362125,-1
52,1,STEP,527162462905291,527162465374958,2469667,-1
53,1,STEP,527162465464958,527162467527291,2062333,-1
54,1,STEP,527162467609541,527162469711333,2101792,-1
55,1,STEP,527162469797375,527162472255500,2458125,-1
56,1,STEP,527162472348916,527162474244541,1895625,-1
57,1,STEP,527162474331125,527162476549375,2218250,-1
58,1,STEP,527162476638875,527162478741916,2103041,-1
59,1,STEP,527162478838000,527162481030833,2192833,-1
60,1,STEP,527162481130875,527162483567333,2436458,-1
61,1,STEP,527162483656833,527162486247333,2590500,-1
62,1,STEP,527162486338458,527162488363500,2025042,-1
63,1,STEP,527162488450125,527162490683083,2232958,-1
64,1,STEP,527162490791916,527162493014958,2223042,-1
65,1,STEP,527162493109958,527162495318916,2208958,-1
66,1,STEP,527162495417750,527162498336750,2919000,-1
67,1,STEP,527162498431250,527162500827250,2396000,-1
68,1,STEP,527162500914458,527162503251750,2337292,-1
69,1,STEP,527162503347416,527162505758750,2411334,-1
70,1,STEP,527162505860083,527162508508333,2648250,-1
71,1,STEP,527162508608083,527162511201125,2593042,-1
72,1,STEP,527162511290500,527162513691666,2401166,-1
73,1,STEP,527162513785500,527162515878875,2093375,-1
74,1,STEP,527162515965750,527162518565750,2600000,-1
75,1,STEP,527162518672333,527162521029250,2356917,-1
76,1,STEP,527162521127166,527162523624583,2497417,-1
77,1,STEP,527162523717958,527162525837541,2119583,-1
78,1,STEP,527162525923916,527162528440791,2516875,-1
79,1,STEP,527162528535666,527162531609416,3073750,-1
80,1,STEP,527162531705708,527162534153125,2447417,-1
81,1,STEP,527162534238583,527162536850333,2611750,-1
82,1,STEP,527162536939416,527162539247458,2308042,-1
83,1,STEP,527162539328375,527162541618041,2289666,-1
84,1,STEP,527162541705375,527162544296500,2591125,-1
85,1,STEP,527162544408125,527162546705041,2296916,-1
86,1,STEP,527162546801500,527162549527208,2725708,-1
87,1,STEP,527162549614125,527162552276875,2662750,-1
88,1,STEP,527162552367166,527162554999541,2632375,-1
89,1,STEP,527162555096791,527162557933208,2836417,-1
90,1,STEP,527162558054833,527162560055750,2000917,-1
91,1,STEP,527162560145250,527162562353166,2207916,-1
92,1,STEP,527162562435250,527162565191625,2756375,-1
93,1,STEP,527162565288500,527162567894416,2605916,-1
94,1,STEP,527162567979833,527162570118666,2138833,-1
95,1,STEP,527162570209041,527162572754875,2545834,-1
96,1,STEP,527162572848458,527162575467416,2618958,-1
97,1,STEP,527162575624958,527162579125791,3500833,-1
98,1,STEP,527162579221791,527162582272625,3050834,-1
99,1,STEP,527162582369625,527162585260750,2891125,-1
100,1,STEP,527162585363875,527162587632875,2269000,-1
101,1,STEP,527162587722375,527162590301416,2579041,-1
102,1,STEP,527162590397375,527162593058875,2661500,-1
103,1,STEP,527162593481291,527162599395291,5914000,-1
104,1,STEP,527162599732875,527162609908125,10175250,-1
105,1,STEP,527162610021416,527162615673291,5651875,-1
106,1,STEP,527162615786958,527162621721208,5934250,-1
107,1,STEP,527162621822416,527162627017250,5194834,-1
108,1,STEP,527162627115750,527162635848166,8732416,-1
109,1,STEP,527162636198541,527162645306291,9107750,-1
110,1,STEP,527162645668708,527162648795000,3126292,-1
111,1,STEP,527162648898708,527162651729500,2830792,-1
112,1,STEP,527162651822500,527162654400791,2578291,-1
113,1,STEP,527162654490125,527162660909875,6419750,-1
114,1,STEP,527162661276708,527162668332416,7055708,-1
115,1,STEP,527162668429708,527162670798291,2368583,-1
116,1,STEP,527162670889083,527162673256916,2367833,-1
117,1,STEP,527162673347916,527162675595333,2247417,-1
118,1,STEP,527162675692333,527162678068666,2376333,-1
119,1,STEP,527162678179708,527162682072708,3893000,-1
120,1,STEP,527162682159500,527162685314458,3154958,-1
121,1,STEP,527162685406041,527162688353583,2947542,-1
122,1,STEP,527162688453666,527162691018541,2564875,-1
123,1,STEP,527162691101750,527162693309791,2208041,-1
124,1,STEP,527162693403416,527162696169291,2765875,-1
125,1,STEP,527162696261583,527162699488500,3226917,-1
126,1,STEP,527162699585333,527162701690708,2105375,-1
127,1,STEP,527162701770166,527162704183833,2413667,-1
128,1,STEP,527162704266000,527162706543833,2277833,-1
129,1,STEP,527162706626208,527162708951750,2325542,-1
130,1,STEP,527162709035125,527162711108041,2072916,-1
131,1,STEP,527162711206416,527162713664708,2458292,-1
132,1,STEP,527162713757083,527162715949958,2192875,-1
133,1,STEP,527162716030875,527162718077416,2046541,-1
134,1,STEP,527162718158291,527162720751416,2593125,-1
135,1,STEP,527162720835041,527162723135500,2300459,-1
136,1,STEP,527162723224250,527162725502666,2278416,-1
137,1,STEP,527162725588833,527162727751708,2162875,-1
138,1,STEP,527162727854583,527162730751250,2896667,-1
139,1,STEP,527162730856250,527162733822375,2966125,-1
140,1,STEP,527162733968666,527162737425375,3456709,-1
141,1,STEP,527162737518250,527162740069166,2550916,-1
142,1,STEP,527162740157291,527162743221875,3064584,-1
143,1,STEP,527162743328791,527162746011541,2682750,-1
144,1,STEP,527162746112833,527162748825416,2712583,-1
145,1,STEP,527162748937583,527162751340708,2403125,-1
146,1,STEP,527162751434125,527162753663208,2229083,-1
147,1,STEP,527162753749541,527162756025791,2276250,-1
148,1,STEP,527162756114708,527162758633500,2518792,-1
149,1,STEP,527162758726500,527162761040500,2314000,-1
150,1,STEP,527162761127541,527162763532375,2404834,-1
151,1,STEP,527162763616041,527162766580125,2964084,-1
152,1,STEP,527162767028916,527162769853375,2824459,-1
153,1,STEP,527162769948250,527162772560083,2611833,-1
154,1,STEP,527162772652958,527162775489958,2837000,-1
155,1,STEP,527162775582791,527162777988958,2406167,-1
156,1,STEP,527162778079833,527162780364000,2284167,-1
157,1,STEP,527162780456291,527162782951583,2495292,-1
158,1,STEP,527162783037291,527162784979666,1942375,-1
159,1,STEP,527162785066333,527162787336583,2270250,-1
160,1,STEP,527162787419250,527162789685833,2266583,-1
161,1,STEP,527162789781833,527162792104916,2323083,-1
162,1,STEP,527162792185416,527162794495875,2310459,-1
163,1,STEP,527162794578833,527162796961583,2382750,-1
164,1,STEP,527162797055166,527162800026583,2971417,-1
165,1,STEP,527162800130166,527162802407416,2277250,-1
166,1,STEP,527162802490375,527162805158125,2667750,-1
167,1,STEP,527162805242208,527162807591291,2349083,-1
168,1,STEP,527162807670625,527162809884875,2214250,-1
169,1,STEP,527162809984833,527162812877250,2892417,-1
170,1,STEP,527162812966000,527162815404791,2438791,-1
171,1,STEP,527162815504083,527162818072375,2568292,-1
172,1,STEP,527162818168250,527162820700833,2532583,-1
173,1,STEP,527162820798083,527162823416000,2617917,-1
174,1,STEP,527162823510916,527162826051333,2540417,-1
175,1,STEP,527162826152541,527162828309916,2157375,-1
176,1,STEP,527162828403416,527162830387125,1983709,-1
177,1,STEP,527162830474125,527162832910666,2436541,-1
178,1,STEP,527162833005333,527162835042750,2037417,-1
179,1,STEP,527162835134250,527162838592958,3458708,-1
180,1,STEP,527162838682916,527162840895333,2212417,-1
181,1,STEP,527162840978375,527162843315083,2336708,-1
182,1,STEP,527162843396083,527162845969000,2572917,-1
183,1,STEP,527162846063708,527162848866291,2802583,-1
184,1,STEP,527162848957333,527162851135708,2178375,-1
185,1,STEP,527162851215500,527162853994000,2778500,-1
186,1,STEP,527162854083416,527162856846541,2763125,-1
187,1,STEP,527162856946750,527162859611583,2664833,-1
188,1,STEP,527162859700291,527162862345916,2645625,-1
189,1,STEP,527162862441583,527162864792833,2351250,-1
190,1,STEP,527162864898791,527162867291458,2392667,-1
191,1,STEP,527162867372541,527162869625333,2252792,-1
192,1,STEP,527162869705250,527162871825541,2120291,-1
193,1,STEP,527162871908125,527162874211041,2302916,-1
194,1,STEP,527162874291583,527162876459208,2167625,-1
195,1,STEP,527162876537375,527162879260083,2722708,-1
196,1,STEP,527162879355083,527162881825250,2470167,-1
197,1,STEP,527162881924291,527162884660500,2736209,-1
198,1,STEP,527162884747708,527162887044000,2296292,-1
199,1,STEP,527162887129166,527162889357708,2228542,-1
200,1,STEP,527162889437708,527162891653166,2215458,-1
201,1,STEP,527162891731666,527162894238500,2506834,-1
202,1,STEP,527162894318958,527162896615750,2296792,-1
203,1,STEP,527162896698500,527162899477416,2778916,-1
204,1,STEP,527162899557541,527162902080041,2522500,-1
205,1,STEP,527162902168625,527162904738708,2570083,-1
206,1,STEP,527162904821458,527162906741166,1919708,-1
207,1,STEP,527162906824625,527162909282250,2457625,-1
208,1,STEP,527162909370541,527162911871083,2500542,-1
209,1,STEP,527162911972250,527162914684500,2712250,-1
210,1,STEP,527162914775083,527162917587000,2811917,-1
211,1,STEP,527162917672958,527162920102958,2430000,-1
212,1,STEP,527162920190750,527162922896708,2705958,-1
213,1,STEP,527162922983166,527162925520500,2537334,-1
214,1,STEP,527162925604916,527162927886416,2281500,-1
215,1,STEP,527162927982541,527162930596666,2614125,-1
216,1,STEP,527162930693250,527162933128625,2435375,-1
217,1,STEP,527162933221458,527162935843000,2621542,-1
218,1,STEP,527162935940750,527162938552416,2611666,-1
219,1,STEP,527162938636500,527162941454166,2817666,-1
220,1,STEP,527162941538916,527162943680583,2141667,-1
221,1,STEP,527162943770958,527162946624833,2853875,-1
222,1,STEP,527162946718000,527162949394541,2676541,-1
223,1,STEP,527162949483125,527162951574041,2090916,-1
224,1,STEP,527162951655458,527162954039500,2384042,-1
225,1,STEP,527162954122625,527162956606916,2484291,-1
226,1,STEP,527162956693958,527162959078500,2384542,-1
227,1,STEP,527162959170833,527162961589958,2419125,-1
228,1,STEP,527162961693458,527162963994708,2301250,-1
229,1,STEP,527162964084666,527162966210416,2125750,-1
230,1,STEP,527162966296166,527162968435208,2139042,-1
231,1,STEP,527162968519416,527162970863541,2344125,-1
232,1,STEP,527162970951375,527162973321625,2370250,-1
233,1,STEP,527162973412375,527162975605458,2193083,-1
234,1,STEP,527162975693500,527162977730583,2037083,-1
235,1,STEP,527162977811583,527162980320750,2509167,-1
236,1,STEP,527162980416250,527162982858875,2442625,-1
237,1,STEP,527162982956000,527162985341750,2385750,-1
238,1,STEP,527162985424541,527162987820750,2396209,-1
239,1,STEP,527162987908833,527162989973416,2064583,-1
240,1,STEP,527162990070458,527162992676000,2605542,-1
241,1,STEP,527162992765041,527162995226916,2461875,-1
242,1,STEP,527162995321666,527162997687291,2365625,-1
243,1,STEP,527162997775583,527163000175375,2399792,-1
244,1,STEP,527163000276625,527163002827541,2550916,-1
245,1,STEP,527163002913083,527163005398750,2485667,-1
246,1,STEP,527163005482416,527163007822958,2340542,-1
247,1,STEP,527163007907125,527163010365666,2458541,-1
248,1,STEP,527163010455791,527163013111000,2655209,-1
249,1,STEP,527163013207333,527163016136208,2928875,-1
250,1,STEP,527163016236958,527163018872833,2635875,-1
251,1,STEP,527163018963291,527163021238250,2274959,-1
252,1,STEP,527163021333958,527163023547083,2213125,-1
253,1,STEP,527163023635416,527163026384625,2749209,-1
254,1,STEP,527163026468208,527163029047833,2579625,-1
255,1,STEP,527163029145916,527163031466958,2321042,-1
256,1,STEP,527163031557625,527163033974666,2417041,-1
257,1,STEP,527163034057708,527163036351250,2293542,-1
258,1,STEP,527163036432041,527163038646375,2214334,-1
259,1,STEP,527163038725583,527163040818625,2093042,-1
260,1,STEP,527163040897416,527163043013708,2116292,-1
261,1,STEP,527163043093958,527163046025583,2931625,-1
262,1,STEP,527163046122083,527163048634333,2512250,-1
263,1,STEP,527163048725541,527163051320833,2595292,-1
264,1,STEP,527163051415875,527163053424541,2008666,-1
265,1,STEP,527163053515041,527163055756166,2241125,-1
266,1,STEP,527163055844708,527163058191041,2346333,-1
267,1,STEP,527163058278291,527163060502583,2224292,-1
268,1,STEP,527163060581708,527163063246375,2664667,-1
269,1,STEP,527163063334041,527163065428666,2094625,-1
270,1,STEP,527163065505750,527163067812208,2306458,-1
271,1,STEP,527163067902791,527163070472833,2570042,-1
272,1,STEP,527163070566958,527163073307250,2740292,-1
273,1,STEP,527163073400125,527163075994958,2594833,-1
274,1,STEP,527163076083541,527163078082291,1998750,-1
275,1,STEP,527163078170291,527163080721083,2550792,-1
276,1,STEP,527163080802791,527163082898708,2095917,-1
277,1,STEP,527163082979875,527163085154458,2174583,-1
278,1,STEP,527163085234208,527163087554875,2320667,-1
279,1,STEP,527163087636541,527163090376166,2739625,-1
280,1,STEP,527163090458625,527163093409875,2951250,-1
281,1,STEP,527163093505041,527163095857291,2352250,-1
282,1,STEP,527163095965333,527163098358166,2392833,-1
283,1,STEP,527163098457583,527163100871208,2413625,-1
284,1,STEP,527163100962375,527163103409000,2446625,-1
285,1,STEP,527163103504375,527163105984041,2479666,-1
286,1,STEP,527163106062708,527163108486958,2424250,-1
287,1,STEP,527163108577000,527163111210041,2633041,-1
288,1,STEP,527163111306791,527163114077625,2770834,-1
289,1,STEP,527163114165458,527163116955083,2789625,-1
290,1,STEP,527163117047875,527163119693083,2645208,-1
291,1,STEP,527163119792041,527163122076666,2284625,-1
292,1,STEP,527163122155916,527163124699958,2544042,-1
293,1,STEP,527163124779875,527163127230875,2451000,-1
294,1,STEP,527163127309916,527163129732083,2422167,-1
295,1,STEP,527163129821791,527163132282041,2460250,-1
296,1,STEP,527163132360500,527163134696458,2335958,-1
297,1,STEP,527163134777375,527163137094416,2317041,-1
298,1,STEP,527163137175125,527163139289000,2113875,-1
299,1,STEP,527163139371458,527163141578166,2206708,-1
300,1,STEP,527163141662333,527163144026166,2363833,-1
301,1,STEP,527163144117125,527163147018166,2901041,-1
302,1,STEP,527163147103041,527163149536666,2433625,-1
303,1,STEP,527163149637083,527163151857083,2220000,-1
304,1,STEP,527163151933291,527163154231166,2297875,-1
305,1,STEP,527163154310166,527163156647375,2337209,-1
306,1,STEP,527163156728375,527163158929166,2200791,-1
307,1,STEP,527163159009958,527163161492375,2482417,-1
308,1,STEP,527163161576500,527163164279875,2703375,-1
309,1,STEP,527163164361750,527163166565041,2203291,-1
310,1,STEP,527163166647208,527163169004833,2357625,-1
311,1,STEP,527163169085583,527163171585208,2499625,-1
312,1,STEP,527163171668333,527163173867875,2199542,-1
313,1,STEP,527163173946583,527163176187083,2240500,-1
314,1,STEP,527163176265833,527163178613458,2347625,-1
315,1,STEP,527163178704458,527163181184125,2479667,-1
316,1,STEP,527163181262208,527163183362708,2100500,-1
317,1,STEP,527163183440500,527163185555500,2115000,-1
318,1,STEP,527163185634000,527163187808833,2174833,-1
319,1,STEP,527163187886708,527163190053333,2166625,-1
320,1,STEP,527163190132333,527163192800291,2667958,-1
321,1,STEP,527163192890500,527163195581666,2691166,-1
322,1,STEP,527163195679500,527163198148500,2469000,-1
323,1,STEP,527163198234083,527163200382875,2148792,-1
324,1,STEP,527163200477708,527163203044958,2567250,-1
325,1,STEP,527163203136875,527163205341583,2204708,-1
326,1,STEP,527163205420208,527163207698041,2277833,-1
327,1,STEP,527163207777916,527163209847416,2069500,-1
328,1,STEP,527163209926458,527163212455583,2529125,-1
329,1,STEP,527163212537458,527163214958500,2421042,-1
330,1,STEP,527163215037916,527163217397500,2359584,-1
331,1,STEP,527163217478625,527163219678750,2200125,-1
332,1,STEP,527163219757166,527163221619333,1862167,-1
333,1,STEP,527163221697958,527163223778291,2080333,-1
334,1,STEP,527163223857208,527163226341125,2483917,-1
335,1,STEP,527163226429750,527163228967916,2538166,-1
336,1,STEP,527163229052250,527163231383375,2331125,-1
337,1,STEP,527163231472375,527163234276208,2803833,-1
338,1,STEP,527163234357041,527163236674208,2317167,-1
339,1,STEP,527163236763958,527163239271500,2507542,-1
340,1,STEP,527163239366291,527163241987791,2621500,-1
341,1,STEP,527163242067375,527163244770500,2703125,-1
342,1,STEP,527163244870541,527163247480250,2609709,-1
343,1,STEP,527163247576250,527163250243916,2667666,-1
344,1,STEP,527163250326708,527163252650750,2324042,-1
345,1,STEP,527163252731666,527163254993625,2261959,-1
346,1,STEP,527163255072625,527163257046500,1973875,-1
347,1,STEP,527163257124000,527163259114666,1990666,-1
348,1,STEP,527163259192291,527163261282041,2089750,-1
349,1,STEP,527163261363625,527163263761333,2397708,-1
350,1,STEP,527163263857250,527163266190958,2333708,-1
351,1,STEP,527163266272666,527163268532125,2259459,-1
352,1,STEP,527163268610791,527163270826708,2215917,-1
353,1,STEP,527163270907791,527163272894500,1986709,-1
354,1,STEP,527163272973625,527163275231875,2258250,-1
355,1,STEP,527163275312375,527163277247000,1934625,-1
356,1,STEP,527163277349000,527163279477875,2128875,-1
357,1,STEP,527163279569041,527163281635791,2066750,-1
358,1,STEP,527163281714000,527163284173208,2459208,-1
359,1,STEP,527163284253125,527163286753125,2500000,-1
360,1,STEP,527163286832041,527163288811625,1979584,-1
361,1,STEP,527163288892458,527163291763958,2871500,-1
362,1,STEP,527163291845125,527163294632041,2786916,-1
363,1,STEP,527163294734083,527163297451458,2717375,-1
364,1,STEP,527163297546791,527163299932958,2386167,-1
365,1,STEP,527163300014291,527163302769500,2755209,-1
366,1,STEP,527163302859958,527163304810416,1950458,-1
367,1,STEP,527163304887583,527163307365250,2477667,-1
368,1,STEP,527163307458500,527163309812666,2354166,-1
369,1,STEP,527163309889958,527163311764375,1874417,-1
370,1,STEP,527163311852041,527163314483208,2631167,-1
371,1,STEP,527163314563083,527163317509375,2946292,-1
372,1,STEP,527163317594958,527163319920125,2325167,-1
373,1,STEP,527163320001833,527163322510750,2508917,-1
374,1,STEP,527163322595125,527163325025333,2430208,-1
375,1,STEP,527163325102916,527163327942916,2840000,-1
376,1,STEP,527163328037458,527163330895583,2858125,-1
377,1,STEP,527163330983666,527163333305458,2321792,-1
378,1,STEP,527163333382500,527163335676291,2293791,-1
379,1,STEP,527163335766250,527163338466458,2700208,-1
380,1,STEP,527163338546666,527163341072000,2525334,-1
381,1,STEP,527163341150333,527163343351333,2201000,-1
382,1,STEP,527163343444000,527163345734333,2290333,-1
383,1,STEP,527163345824250,527163347871708,2047458,-1
384,1,STEP,527163347949666,527163349972583,2022917,-1
385,1,STEP,527163350049541,527163352446625,2397084,-1
386,1,STEP,527163352527166,527163355008625,2481459,-1
387,1,STEP,527163355088500,527163357477500,2389000,-1
388,1,STEP,527163357554958,527163359739458,2184500,-1
389,1,STEP,527163359818541,527163362435875,2617334,-1
390,1,STEP,527163362529916,527163364467333,1937417,-1
391,1,STEP,527163364546666,527163366364666,1818000,-1
392,1,STEP,527163366442250,527163368540208,2097958,-1
393,1,STEP,527163368618416,527163370756125,2137709,-1
394,1,STEP,527163370834958,527163373270625,2435667,-1
395,1,STEP,527163373351791,527163375843375,2491584,-1
396,1,STEP,527163375922666,527163378236041,2313375,-1
397,1,STEP,527163378321916,527163381029250,2707334,-1
398,1,STEP,527163381113708,527163383237041,2123333,-1
399,1,STEP,527163383317500,527163385466250,2148750,-1
400,1,STEP,527163385543625,527163388285375,2741750,-1
401,1,STEP,527163388366041,527163390870500,2504459,-1
402,1,STEP,527163390948958,527163393502666,2553708,-1
403,1,STEP,527163393601458,527163396082583,2481125,-1
404,1,STEP,527163396170375,527163398778208,2607833,-1
405,1,STEP,527163398858083,527163401654916,2796833,-1
406,1,STEP,527163401737125,527163404302291,2565166,-1
407,1,STEP,527163404395583,527163406848083,2452500,-1
408,1,STEP,527163406942166,527163409665958,2723792,-1
409,1,STEP,527163409746375,527163412228416,2482041,-1
410,1,STEP,527163412307291,527163414605541,2298250,-1
411,1,STEP,527163414688250,527163416783083,2094833,-1
412,1,STEP,527163416861708,527163419254958,2393250,-1
413,1,STEP,527163419331416,527163421383625,2052209,-1
414,1,STEP,527163421461166,527163423728583,2267417,-1
415,1,STEP,527163423810833,527163426047000,2236167,-1
416,1,STEP,527163426126375,527163428463583,2337208,-1
417,1,STEP,527163428569875,527163431136250,2566375,-1
418,1,STEP,527163431227833,527163433903166,2675333,-1
419,1,STEP,527163433984958,527163436653291,2668333,-1
420,1,STEP,527163436732833,527163438870083,2137250,-1
421,1,STEP,527163438950625,527163441418958,2468333,-1
422,1,STEP,527163441504125,527163443909250,2405125,-1
423,1,STEP,527163443994666,527163446509041,2514375,-1
424,1,STEP,527163446602416,527163449084250,2481834,-1
425,1,STEP,527163449165333,527163451377500,2212167,-1
426,1,STEP,527163451456291,527163453418541,1962250,-1
427,1,STEP,527163453498291,527163455583708,2085417,-1
428,1,STEP,527163455662000,527163457848666,2186666,-1
429,1,STEP,527163457931708,527163460412333,2480625,-1
430,1,STEP,527163460500166,527163462773791,2273625,-1
431,1,STEP,527163462855833,527163465209708,2353875,-1
432,1,STEP,527163465312416,527163467558750,2246334,-1
433,1,STEP,527163467640875,527163470000583,2359708,-1
434,1,STEP,527163470078208,527163472021791,1943583,-1
435,1,STEP,527163472098125,527163474264208,2166083,-1
436,1,STEP,527163474343333,527163476508125,2164792,-1
437,1,STEP,527163476596750,527163478813375,2216625,-1
438,1,STEP,527163478899083,527163481044708,2145625,-1
439,1,STEP,527163481134750,527163483624041,2489291,-1
440,1,STEP,527163483724791,527163486615375,2890584,-1
441,1,STEP,527163486698916,527163489251625,2552709,-1
442,1,STEP,527163489337625,527163491569291,2231666,-1
443,1,STEP,527163491648666,527163494568708,2920042,-1
444,1,STEP,527163494667625,527163497357791,2690166,-1
445,1,STEP,527163497448708,527163500122791,2674083,-1
446,1,STEP,527163500221791,527163502678750,2456959,-1
447,1,STEP,527163502756750,527163505156333,2399583,-1
448,1,STEP,527163505234125,527163507588000,2353875,-1
449,1,STEP,527163507666083,527163509867000,2200917,-1
450,1,STEP,527163509945291,527163512593958,2648667,-1
451,1,STEP,527163512678000,527163515428208,2750208,-1
452,1,STEP,527163515510458,527163517684750,2174292,-1
453,1,STEP,527163517776166,527163519680666,1904500,-1
454,1,STEP,527163519759291,527163522263458,2504167,-1
455,1,STEP,527163522365500,527163524814625,2449125,-1
456,1,STEP,527163524892166,527163527469625,2577459,-1
457,1,STEP,527163527557541,527163529581875,2024334,-1
458,1,STEP,527163529676208,527163532260500,2584292,-1
459,1,STEP,527163532339291,527163534702875,2363584,-1
460,1,STEP,527163534796166,527163537441583,2645417,-1
461,1,STEP,527163537522458,527163539854416,2331958,-1
462,1,STEP,527163539935250,527163542191375,2256125,-1
463,1,STEP,527163542282666,527163544966708,2684042,-1
464,1,STEP,527163545061208,527163547537166,2475958,-1
465,1,STEP,527163547618958,527163549571166,1952208,-1
466,1,STEP,527163549649541,527163551980708,2331167,-1
467,1,STEP,527163552057416,527163554614875,2557459,-1
468,1,STEP,527163554694791,527163556939333,2244542,-1
469,1,STEP,527163557022416,527163559661291,2638875,-1
470,1,STEP,527163559742208,527163562131666,2389458,-1
471,1,STEP,527163562213000,527163564767125,2554125,-1
472,1,STEP,527163564848458,527163567775416,2926958,-1
473,1,STEP,527163567856375,527163570030250,2173875,-1
474,1,STEP,527163570122125,527163572612416,2490291,-1
475,1,STEP,527163572692125,527163575408833,2716708,-1
476,1,STEP,527163575493000,527163577962500,2469500,-1
477,1,STEP,527163578054750,527163580529250,2474500,-1
478,1,STEP,527163580618250,527163582635083,2016833,-1
479,1,STEP,527163582713041,527163585054208,2341167,-1
480,1,STEP,527163585132041,527163587423375,2291334,-1
481,1,STEP,527163587501833,527163589976416,2474583,-1
482,1,STEP,527163590075958,527163592309125,2233167,-1
483,1,STEP,527163592399791,527163594590750,2190959,-1
484,1,STEP,527163594669083,527163597317958,2648875,-1
485,1,STEP,527163597419958,527163599926416,2506458,-1
486,1,STEP,527163600006333,527163602664791,2658458,-1
487,1,STEP,527163602753041,527163604647750,1894709,-1
488,1,STEP,527163604726000,527163606784041,2058041,-1
489,1,STEP,527163606862708,527163609168333,2305625,-1
490,1,STEP,527163609248208,527163611756916,2508708,-1
491,1,STEP,527163611856208,527163614523791,2667583,-1
492,1,STEP,527163614614541,527163617397125,2782584,-1
493,1,STEP,527163617490791,527163619932541,2441750,-1
494,1,STEP,527163620021083,527163622879416,2858333,-1
495,1,STEP,527163622966833,527163625427958,2461125,-1
496,1,STEP,527163625533208,527163627898500,2365292,-1
497,1,STEP,527163628004750,527163630231000,2226250,-1
498,1,STEP,527163630323333,527163632429583,2106250,-1
499,1,STEP,527163632507875,527163634801958,2294083,-1
500,1,STEP,527163634882375,527163637103458,2221083,-1
501,1,STEP,527163637185458,527163639273833,2088375,-1
502,1,STEP,527163639353666,527163641497625,2143959,-1
503,1,STEP,527163641576333,527163644017541,2441208,-1
504,1,STEP,527163644117333,527163646871958,2754625,-1
505,1,STEP,527163646967583,527163649427583,2460000,-1
506,1,STEP,527163649507500,527163651892541,2385041,-1
507,1,STEP,527163651972166,527163654216958,2244792,-1
508,1,STEP,527163654295833,527163656686541,2390708,-1
509,1,STEP,527163656765875,527163659050625,2284750,-1
510,1,STEP,527163659132583,527163661517958,2385375,-1
511,1,STEP,527163661630333,527163664217375,2587042,-1
512,1,STEP,527163664313666,527163667137500,2823834,-1
513,1,STEP,527163667231000,527163669505833,2274833,-1
514,1,STEP,527163669599458,527163672001375,2401917,-1
515,1,STEP,527163672092583,527163674859083,2766500,-1
516,1,STEP,527163674949833,527163677383750,2433917,-1
517,1,STEP,527163677462625,527163679714166,2251541,-1
518,1,STEP,527163679794708,527163682210958,2416250,-1
519,1,STEP,527163682288541,527163684453583,2165042,-1
520,1,STEP,527163684553250,527163687009250,2456000,-1
521,1,STEP,527163687111000,527163689468666,2357666,-1
522,1,STEP,527163689578208,527163691357375,1779167,-1
523,1,STEP,527163691433625,527163693402416,1968791,-1
524,1,STEP,527163693481208,527163696027791,2546583,-1
525,1,STEP,527163696115750,527163698093916,1978166,-1
526,1,STEP,527163698176875,527163700610458,2433583,-1
527,1,STEP,527163700699000,527163703147208,2448208,-1
528,1,STEP,527163703246708,527163705677916,2431208,-1
529,1,STEP,527163705756375,527163708122833,2366458,-1
530,1,STEP,527163708200500,527163710498000,2297500,-1
531,1,STEP,527163710596041,527163713042083,2446042,-1
532,1,STEP,527163713162500,527163715562750,2400250,-1
533,1,STEP,527163715663458,527163718458666,2795208,-1
534,1,STEP,527163718540375,527163720934708,2394333,-1
535,1,STEP,527163721013750,527163723528166,2514416,-1
536,1,STEP,527163723619958,527163725742083,2122125,-1
537,1,STEP,527163725837833,527163727909333,2071500,-1
538,1,STEP,527163727988083,527163730318083,2330000,-1
539,1,STEP,527163730404083,527163732482208,2078125,-1
540,1,STEP,527163732561791,527163735176041,2614250,-1
541,1,STEP,527163735252708,527163737427166,2174458,-1
542,1,STEP,527163737510833,527163739845208,2334375,-1
543,1,STEP,527163739937916,527163742683875,2745959,-1
544,1,STEP,527163742765666,527163745119166,2353500,-1
545,1,STEP,527163745205583,527163747844125,2638542,-1
546,1,STEP,527163747936125,527163750433833,2497708,-1
547,1,STEP,527163750511625,527163752850708,2339083,-1
548,1,STEP,527163752930666,527163755508416,2577750,-1
549,1,STEP,527163755591416,527163757920666,2329250,-1
550,1,STEP,527163757998291,527163760273375,2275084,-1
551,1,STEP,527163760353166,527163762639583,2286417,-1
552,1,STEP,527163762734083,527163765199291,2465208,-1
553,1,STEP,527163765278208,527163767667458,2389250,-1
554,1,STEP,527163767747625,527163770229833,2482208,-1
555,1,STEP,527163770308291,527163772393541,2085250,-1
556,1,STEP,527163772470750,527163775231250,2760500,-1
557,1,STEP,527163775311583,527163777880291,2568708,-1
558,1,STEP,527163777963166,527163780325208,2362042,-1
559,1,STEP,527163780410375,527163782634000,2223625,-1
560,1,STEP,527163782715958,527163784788458,2072500,-1
561,1,STEP,527163784867583,527163786913500,2045917,-1
562,1,STEP,527163786990958,527163789412375,2421417,-1
563,1,STEP,527163789491833,527163791614541,2122708,-1
564,1,STEP,527163791692458,527163793870500,2178042,-1
565,1,STEP,527163793948250,527163796782583,2834333,-1
566,1,STEP,527163796883541,527163799699750,2816209,-1
567,1,STEP,527163799779333,527163802003000,2223667,-1
568,1,STEP,527163802084291,527163804584000,2499709,-1
569,1,STEP,527163804660166,527163806828875,2168709,-1
570,1,STEP,527163806910458,527163809231583,2321125,-1
571,1,STEP,527163809319583,527163811645541,2325958,-1
572,1,STEP,527163811735916,527163814513666,2777750,-1
573,1,STEP,527163814604458,527163816862791,2258333,-1
574,1,STEP,527163816954166,527163819379625,2425459,-1
575,1,STEP,527163819475750,527163822006125,2530375,-1
576,1,STEP,527163822090833,527163824660208,2569375,-1
577,1,STEP,527163824740625,527163827167083,2426458,-1
578,1,STEP,527163827245708,527163829613583,2367875,-1
579,1,STEP,527163829704250,527163832001750,2297500,-1
580,1,STEP,527163832082083,527163834525583,2443500,-1
581,1,STEP,527163834607458,527163836971666,2364208,-1
582,1,STEP,527163837061541,527163839635416,2573875,-1
583,1,STEP,527163839727125,527163842123958,2396833,-1
584,1,STEP,527163842215583,527163844558166,2342583,-1
585,1,STEP,527163844638000,527163847161708,2523708,-1
586,1,STEP,527163847258333,527163850096666,2838333,-1
587,1,STEP,527163850192541,527163852724291,2531750,-1
588,1,STEP,527163852811208,527163855246000,2434792,-1
589,1,STEP,527163855323333,527163857437166,2113833,-1
590,1,STEP,527163857522666,527163859904250,2381584,-1
591,1,STEP,527163859982916,527163861989708,2006792,-1
592,1,STEP,527163862073875,527163864644333,2570458,-1
593,1,STEP,527163864729208,527163867218458,2489250,-1
594,1,STEP,527163867297083,527163869886958,2589875,-1
595,1,STEP,527163869967416,527163872054666,2087250,-1
596,1,STEP,527163872132500,527163874302666,2170166,-1
597,1,STEP,527163874383875,527163877069375,2685500,-1
598,1,STEP,527163877164541,527163879722791,2558250,-1
599,1,STEP,527163879817833,527163882108708,2290875,-1
600,1,STEP,527163882189333,527163884278291,2088958,-1
601,1,STEP,527163884357375,527163886691375,2334000,-1
602,1,STEP,527163886770333,527163889071125,2300792,-1
603,1,STEP,527163889150000,527163891380916,2230916,-1
604,1,STEP,527163891460500,527163893987166,2526666,-1
605,1,STEP,527163894069458,527163896730041,2660583,-1
606,1,STEP,527163896824041,527163898996583,2172542,-1
607,1,STEP,527163899094458,527163901336250,2241792,-1
608,1,STEP,527163901415541,527163904123958,2708417,-1
609,1,STEP,527163904203041,527163906497375,2294334,-1
610,1,STEP,527163906578666,527163909001416,2422750,-1
611,1,STEP,527163909083458,527163911405541,2322083,-1
612,1,STEP,527163911488125,527163914250958,2762833,-1
613,1,STEP,527163914348583,527163916607083,2258500,-1
614,1,STEP,527163916685708,527163919023416,2337708,-1
615,1,STEP,527163919103833,527163921671458,2567625,-1
616,1,STEP,527163921752208,527163923845333,2093125,-1
617,1,STEP,527163923926666,527163926580166,2653500,-1
618,1,STEP,527163926660208,527163929080625,2420417,-1
619,1,STEP,527163929162541,527163931565458,2402917,-1
620,1,STEP,527163931646375,527163934159250,2512875,-1
621,1,STEP,527163934238583,527163937089916,2851333,-1
622,1,STEP,527163937198500,527163939623916,2425416,-1
623,1,STEP,527163939715125,527163942035500,2320375,-1
624,1,STEP,527163942113625,527163944667958,2554333,-1
625,1,STEP,527163944751375,527163946852000,2100625,-1
626,1,STEP,527163946945875,527163949601708,2655833,-1
627,1,STEP,527163949691000,527163951723375,2032375,-1
628,1,STEP,527163951813375,527163954184500,2371125,-1
629,1,STEP,527163954262791,527163956676791,2414000,-1
630,1,STEP,527163956759625,527163958613416,1853791,-1
631,1,STEP,527163958689958,527163961202458,2512500,-1
632,1,STEP,527163961294750,527163964031000,2736250,-1
633,1,STEP,527163964130000,527163966602416,2472416,-1
634,1,STEP,527163966704000,527163969322541,2618541,-1
635,1,STEP,527163969403916,527163971809375,2405459,-1
636,1,STEP,527163971889125,527163974456375,2567250,-1
637,1,STEP,527163974541916,527163977298291,2756375,-1
638,1,STEP,527163977378916,527163980008125,2629209,-1
639,1,STEP,527163980099333,527163982791875,2692542,-1
640,1,STEP,527163982872875,527163985554333,2681458,-1
641,1,STEP,527163985631291,527163987974625,2343334,-1
642,1,STEP,527163988055500,527163990377875,2322375,-1
643,1,STEP,527163990468333,527163992859958,2391625,-1
644,1,STEP,527163992939583,527163995123083,2183500,-1
645,1,STEP,527163995217916,527163997430166,2212250,-1
646,1,STEP,527163997515375,527164000636583,3121208,-1
647,1,STEP,527164000751333,527164004715583,3964250,-1
648,1,STEP,527164004810583,527164008196666,3386083,-1
649,1,STEP,527164008291583,527164011573500,3281917,-1
650,1,STEP,527164011662750,527164016084375,4421625,-1
651,1,STEP,527164016183083,527164020768416,4585333,-1
652,1,STEP,527164020860041,527164025743041,4883000,-1
653,1,STEP,527164025848416,527164030084208,4235792,-1
654,1,STEP,527164030182875,527164034654833,4471958,-1
655,1,STEP,527164034748250,527164037971000,3222750,-1
656,1,STEP,527164038065750,527164040500125,2434375,-1
657,1,STEP,527164040592958,527164043046458,2453500,-1
658,1,STEP,527164043149458,527164045692625,2543167,-1
659,1,STEP,527164045786291,527164048345458,2559167,-1
660,1,STEP,527164048444458,527164051655125,3210667,-1
661,1,STEP,527164051763208,527164054710166,2946958,-1
662,1,STEP,527164054803708,527164058198833,3395125,-1
663,1,STEP,527164058308875,527164060743583,2434708,-1
664,1,STEP,527164060831750,527164063529750,2698000,-1
665,1,STEP,527164063624833,527164066285916,2661083,-1
666,1,STEP,527164066384166,527164068677291,2293125,-1
667,1,STEP,527164068764625,527164071535375,2770750,-1
668,1,STEP,527164071629750,527164073898416,2268666,-1
669,1,STEP,527164073976666,527164076536000,2559334,-1
670,1,STEP,527164076615291,527164079343500,2728209,-1
671,1,STEP,527164079439416,527164082268166,2828750,-1
672,1,STEP,527164082371250,527164084734625,2363375,-1
673,1,STEP,527164084820541,527164087096875,2276334,-1
674,1,STEP,527164087176833,527164089524750,2347917,-1
675,1,STEP,527164089605125,527164091970416,2365291,-1
676,1,STEP,527164092057958,527164094479125,2421167,-1
677,1,STEP,527164094584458,527164096738083,2153625,-1
678,1,STEP,527164096835458,527164099604250,2768792,-1
679,1,STEP,527164099690750,527164102028666,2337916,-1
680,1,STEP,527164102108458,527164104784750,2676292,-1
681,1,STEP,527164104869250,527164107346583,2477333,-1
682,1,STEP,527164107429333,527164109571166,2141833,-1
683,1,STEP,527164109668708,527164112243791,2575083,-1
684,1,STEP,527164112328916,527164114499750,2170834,-1
685,1,STEP,527164114584250,527164116758375,2174125,-1
686,1,STEP,527164116839625,527164119360291,2520666,-1
687,1,STEP,527164119454791,527164122026875,2572084,-1
688,1,STEP,527164122117708,527164124571000,2453292,-1
689,1,STEP,527164124660458,527164126843208,2182750,-1
690,1,STEP,527164126923416,527164129246583,2323167,-1
691,1,STEP,527164129330416,527164131700458,2370042,-1
692,1,STEP,527164131779083,527164133540333,1761250,-1
693,1,STEP,527164133617708,527164136277166,2659458,-1
694,1,STEP,527164136369666,527164138744750,2375084,-1
695,1,STEP,527164138825000,527164141146291,2321291,-1
696,1,STEP,527164141225791,527164143309041,2083250,-1
697,1,STEP,527164143399125,527164145732291,2333166,-1
698,1,STEP,527164145821250,527164148022833,2201583,-1
699,1,STEP,527164148104500,527164150494708,2390208,-1
700,1,STEP,527164150576875,527164152955708,2378833,-1
701,1,STEP,527164153041208,527164155381166,2339958,-1
702,1,STEP,527164155459500,527164158114541,2655041,-1
703,1,STEP,527164158195166,527164160908958,2713792,-1
704,1,STEP,527164160990916,527164163592666,2601750,-1
705,1,STEP,527164163684791,527164166034250,2349459,-1
706,1,STEP,527164166137666,527164168420833,2283167,-1
707,1,STEP,527164168519208,527164170748333,2229125,-1
708,1,STEP,527164170828166,527164172967916,2139750,-1
709,1,STEP,527164173045166,527164175995416,2950250,-1
710,1,STEP,527164176085791,527164178072000,1986209,-1
711,1,STEP,527164178169000,527164180821583,2652583,-1
712,1,STEP,527164180906875,527164183126125,2219250,-1
713,1,STEP,527164183227916,527164185799583,2571667,-1
714,1,STEP,527164185880291,527164188109541,2229250,-1
715,1,STEP,527164188187208,527164190624083,2436875,-1
716,1,STEP,527164190711000,527164193089416,2378416,-1
717,1,STEP,527164193186916,527164196048833,2861917,-1
718,1,STEP,527164196146500,527164198469250,2322750,-1
719,1,STEP,527164198564625,527164200632750,2068125,-1
720,1,STEP,527164200714666,527164203193625,2478959,-1
721,1,STEP,527164203277916,527164205717625,2439709,-1
722,1,STEP,527164205811333,527164208210375,2399042,-1
723,1,STEP,527164208303875,527164210903458,2599583,-1
724,1,STEP,527164211001500,527164213238500,2237000,-1
725,1,STEP,527164213322791,527164215650583,2327792,-1
726,1,STEP,527164215731041,527164218277666,2546625,-1
727,1,STEP,527164218377416,527164220936458,2559042,-1
728,1,STEP,527164221037958,527164223326666,2288708,-1
729,1,STEP,527164223411375,527164225875291,2463916,-1
730,1,STEP,527164225967583,527164228283166,2315583,-1
731,1,STEP,527164228381208,527164230659833,2278625,-1
732,1,STEP,527164230761958,527164232915125,2153167,-1
733,1,STEP,527164232992750,527164235126958,2134208,-1
734,1,STEP,527164235206750,527164237230708,2023958,-1
735,1,STEP,527164237310291,527164239634666,2324375,-1
736,1,STEP,527164239736083,527164242054041,2317958,-1
737,1,STEP,527164242153083,527164244788666,2635583,-1
738,1,STEP,527164244883291,527164247262625,2379334,-1
739,1,STEP,527164247347791,527164250048625,2700834,-1
740,1,STEP,527164250133416,527164252679541,2546125,-1
741,1,STEP,527164252760791,527164254977958,2217167,-1
742,1,STEP,527164255076750,527164257555791,2479041,-1
743,1,STEP,527164257634666,527164260574958,2940292,-1
744,1,STEP,527164260677833,527164263099458,2421625,-1
745,1,STEP,527164263184875,527164266189166,3004291,-1
746,1,STEP,527164266294166,527164268797708,2503542,-1
747,1,STEP,527164268876791,527164271404916,2528125,-1
748,1,STEP,527164271489333,527164274559708,3070375,-1
749,1,STEP,527164274654250,527164277451541,2797291,-1
750,1,STEP,527164277536416,527164279841375,2304959,-1
751,1,STEP,527164279928125,527164282399000,2470875,-1
752,1,STEP,527164282479583,527164284676208,2196625,-1
753,1,STEP,527164284766000,527164287019208,2253208,-1
754,1,STEP,527164287106166,527164289973166,2867000,-1
755,1,STEP,527164290069250,527164292746291,2677041,-1
756,1,STEP,527164292832916,527164295257416,2424500,-1
757,1,STEP,527164295349958,527164297777875,2427917,-1
758,1,STEP,527164297858750,527164300137750,2279000,-1
759,1,STEP,527164300229250,527164302325666,2096416,-1
760,1,STEP,527164302401666,527164304564541,2162875,-1
761,1,STEP,527164304643666,527164306866333,2222667,-1
762,1,STEP,527164306945708,527164309039291,2093583,-1
763,1,STEP,527164309116083,527164311250750,2134667,-1
764,1,STEP,527164311343375,527164313792375,2449000,-1
765,1,STEP,527164313875166,527164316063250,2188084,-1
766,1,STEP,527164316157416,527164318592875,2435459,-1
767,1,STEP,527164318678916,527164321046291,2367375,-1
768,1,STEP,527164321129041,527164323802708,2673667,-1
769,1,STEP,527164323896041,527164326363291,2467250,-1
770,1,STEP,527164326443291,527164328979458,2536167,-1
771,1,STEP,527164329061000,527164331848166,2787166,-1
772,1,STEP,527164331933625,527164334412125,2478500,-1
773,1,STEP,527164334493291,527164336998291,2505000,-1
774,1,STEP,527164337078375,527164339798750,2720375,-1
775,1,STEP,527164339877916,527164342481833,2603917,-1
776,1,STEP,527164342561750,527164345246916,2685166,-1
777,1,STEP,527164345330791,527164347624791,2294000,-1
778,1,STEP,527164347726000,527164350393083,2667083,-1
779,1,STEP,527164350475333,527164352575916,2100583,-1
780,1,STEP,527164352655375,527164354920125,2264750,-1
781,1,STEP,527164354997541,527164357089000,2091459,-1
782,1,STEP,527164357168083,527164359789541,2621458,-1
783,1,STEP,527164359889291,527164362484875,2595584,-1
784,1,STEP,527164362569333,527164365051041,2481708,-1
785,1,STEP,527164365137625,527164367751875,2614250,-1
786,1,STEP,527164367854000,527164370252458,2398458,-1
787,1,STEP,527164370344333,527164372976791,2632458,-1
788,1,STEP,527164373068416,527164375580500,2512084,-1
789,1,STEP,527164375672458,527164378221250,2548792,-1
790,1,STEP,527164378307083,527164380904625,2597542,-1
791,1,STEP,527164380988875,527164383236541,2247666,-1
792,1,STEP,527164383329416,527164385926125,2596709,-1
793,1,STEP,527164386012291,527164388796000,2783709,-1
794,1,STEP,527164388882333,527164391240208,2357875,-1
795,1,STEP,527164391322208,527164393975041,2652833,-1
796,1,STEP,527164394057083,527164396609833,2552750,-1
797,1,STEP,527164396696875,527164399328000,2631125,-1
798,1,STEP,527164399411625,527164401948458,2536833,-1
799,1,STEP,527164402046416,527164404259708,2213292,-1
800,1,STEP,527164404355500,527164406760208,2404708,-1
801,1,STEP,527164406848333,527164409169583,2321250,-1
802,1,STEP,527164409262583,527164412168791,2906208,-1
803,1,STEP,527164412265833,527164414628083,2362250,-1
804,1,STEP,527164414727458,527164416932291,2204833,-1
805,1,STEP,527164417010583,527164419656041,2645458,-1
806,1,STEP,527164419739291,527164422136666,2397375,-1
807,1,STEP,527164422216625,527164424742833,2526208,-1
808,1,STEP,527164424821458,527164426690666,1869208,-1
809,1,STEP,527164426771291,527164428976500,2205209,-1
810,1,STEP,527164429067041,527164431734458,2667417,-1
811,1,STEP,527164431818500,527164433904583,2086083,-1
812,1,STEP,527164433987500,527164436348083,2360583,-1
813,1,STEP,527164436425500,527164438593791,2168291,-1
814,1,STEP,527164438673250,527164440958291,2285041,-1
815,1,STEP,527164441043416,527164443522666,2479250,-1
816,1,STEP,527164443605583,527164445928083,2322500,-1
817,1,STEP,527164446030666,527164448465125,2434459,-1
818,1,STEP,527164448546083,527164450962166,2416083,-1
819,1,STEP,527164451045000,527164453081041,2036041,-1
820,1,STEP,527164453160333,527164455765208,2604875,-1
821,1,STEP,527164455845833,527164458246708,2400875,-1
822,1,STEP,527164458327333,527164460484041,2156708,-1
823,1,STEP,527164460575583,527164463725125,3149542,-1
824,1,STEP,527164463821958,527164466576000,2754042,-1
825,1,STEP,527164466678833,527164469018083,2339250,-1
826,1,STEP,527164469108708,527164471419833,2311125,-1
827,1,STEP,527164471499416,527164474010250,2510834,-1
828,1,STEP,527164474093916,527164476525416,2431500,-1
829,1,STEP,527164476607041,527164478484708,1877667,-1
830,1,STEP,527164478567833,527164480842958,2275125,-1
831,1,STEP,527164480946458,527164483134875,2188417,-1
832,1,STEP,527164483228208,527164485270833,2042625,-1
833,1,STEP,527164485350250,527164487635166,2284916,-1
834,1,STEP,527164487722916,527164490389958,2667042,-1
835,1,STEP,527164490471291,527164492825958,2354667,-1
836,1,STEP,527164492906958,527164495028458,2121500,-1
837,1,STEP,527164495129333,527164497335250,2205917,-1
838,1,STEP,527164497414541,527164500177666,2763125,-1
839,1,STEP,527164500279958,527164502595166,2315208,-1
840,1,STEP,527164502684625,527164505821541,3136916,-1
841,1,STEP,527164505916625,527164508817166,2900541,-1
842,1,STEP,527164508902750,527164511423375,2520625,-1
843,1,STEP,527164511504875,527164513327000,1822125,-1
844,1,STEP,527164513407458,527164515875166,2467708,-1
845,1,STEP,527164515957625,527164518302875,2345250,-1
846,1,STEP,527164518380583,527164520838208,2457625,-1
847,1,STEP,527164520932250,527164523491625,2559375,-1
848,1,STEP,527164523583458,527164526291708,2708250,-1
849,1,STEP,527164526376250,527164528768916,2392666,-1
850,1,STEP,527164528860833,527164530742250,1881417,-1
851,1,STEP,527164530825833,527164532904208,2078375,-1
852,1,STEP,527164532990583,527164535292333,2301750,-1
853,1,STEP,527164535373250,527164537453416,2080166,-1
854,1,STEP,527164537530000,527164539591791,2061791,-1
855,1,STEP,527164539675000,527164542200833,2525833,-1
856,1,STEP,527164542284041,527164545032166,2748125,-1
857,1,STEP,527164545126541,527164547447791,2321250,-1
858,1,STEP,527164547548541,527164550178083,2629542,-1
859,1,STEP,527164550275333,527164552615000,2339667,-1
860,1,STEP,527164552712916,527164555444583,2731667,-1
861,1,STEP,527164555533541,527164558163750,2630209,-1
862,1,STEP,527164558248791,527164560300333,2051542,-1
863,1,STEP,527164560382916,527164562466458,2083542,-1
864,1,STEP,527164562558250,527164565003291,2445041,-1
865,1,STEP,527164565096833,527164567503041,2406208,-1
866,1,STEP,527164567590708,527164569951208,2360500,-1
867,1,STEP,527164570039333,527164572591666,2552333,-1
868,1,STEP,527164572684333,527164575071083,2386750,-1
869,1,STEP,527164575168416,527164577622208,2453792,-1
870,1,STEP,527164577711041,527164580119791,2408750,-1
871,1,STEP,527164580216041,527164582318416,2102375,-1
872,1,STEP,527164582407291,527164585048666,2641375,-1
873,1,STEP,527164585135125,527164587165625,2030500,-1
874,1,STEP,527164587246625,527164589586625,2340000,-1
875,1,STEP,527164589677125,527164592117833,2440708,-1
876,1,STEP,527164592212875,527164594941833,2728958,-1
877,1,STEP,527164595032958,527164597290333,2257375,-1
878,1,STEP,527164597377500,527164599686916,2309416,-1
879,1,STEP,527164599767541,527164602042958,2275417,-1
880,1,STEP,527164602124708,527164604707458,2582750,-1
881,1,STEP,527164604789208,527164606955583,2166375,-1
882,1,STEP,527164607035041,527164609305708,2270667,-1
883,1,STEP,527164609395791,527164611909875,2514084,-1
884,1,STEP,527164612002166,527164614604416,2602250,-1
885,1,STEP,527164614699958,527164617047416,2347458,-1
886,1,STEP,527164617127833,527164619459250,2331417,-1
887,1,STEP,527164619538500,527164621959250,2420750,-1
888,1,STEP,527164622041666,527164624459000,2417334,-1
889,1,STEP,527164624538416,527164627155916,2617500,-1
890,1,STEP,527164627235291,527164629612666,2377375,-1
891,1,STEP,527164629704041,527164631856000,2151959,-1
892,1,STEP,527164631936125,527164634187541,2251416,-1
893,1,STEP,527164634268083,527164636373291,2105208,-1
894,1,STEP,527164636453125,527164638658666,2205541,-1
895,1,STEP,527164638737166,527164641315208,2578042,-1
896,1,STEP,527164641395791,527164643638916,2243125,-1
897,1,STEP,527164643718250,527164646388166,2669916,-1
898,1,STEP,527164646475041,527164649131750,2656709,-1
899,1,STEP,527164649213000,527164651529541,2316541,-1
900,1,STEP,527164651618416,527164653801166,2182750,-1
901,1,STEP,527164653886000,527164656436000,2550000,-1
902,1,STEP,527164656520250,527164658899416,2379166,-1
903,1,STEP,527164658985250,527164661884541,2899291,-1
904,1,STEP,527164661980291,527164664392833,2412542,-1
905,1,STEP,527164664480125,527164666646750,2166625,-1
906,1,STEP,527164666725166,527164668925333,2200167,-1
907,1,STEP,527164669004791,527164671515416,2510625,-1
908,1,STEP,527164671596083,527164674218291,2622208,-1
909,1,STEP,527164674298958,527164676664041,2365083,-1
910,1,STEP,527164676783125,527164679230833,2447708,-1
911,1,STEP,527164679321458,527164681353291,2031833,-1
912,1,STEP,527164681447833,527164683993333,2545500,-1
913,1,STEP,527164684076375,527164686843041,2766666,-1
914,1,STEP,527164686946541,527164689310875,2364334,-1
915,1,STEP,527164689407250,527164692524750,3117500,-1
916,1,STEP,527164692632125,527164695420666,2788541,-1
917,1,STEP,527164695518416,527164698067500,2549084,-1
918,1,STEP,527164698170291,527164701077375,2907084,-1
919,1,STEP,527164701169875,527164703910541,2740666,-1
920,1,STEP,527164704008625,527164706417666,2409041,-1
921,1,STEP,527164706519083,527164708785291,2266208,-1
922,1,STEP,527164708880291,527164711410416,2530125,-1
923,1,STEP,527164711500000,527164713861375,2361375,-1
924,1,STEP,527164713957708,527164716194375,2236667,-1
925,1,STEP,527164716287208,527164718814458,2527250,-1
926,1,STEP,527164718923875,527164721398041,2474166,-1
927,1,STEP,527164721490541,527164724058916,2568375,-1
928,1,STEP,527164724177125,527164726851416,2674291,-1
929,1,STEP,527164726947000,527164729007083,2060083,-1
930,1,STEP,527164729104875,527164731752583,2647708,-1
931,1,STEP,527164731891666,527164734740666,2849000,-1
932,1,STEP,527164734836916,527164737584083,2747167,-1
933,1,STEP,527164737688000,527164739839708,2151708,-1
934,1,STEP,527164739933125,527164742756583,2823458,-1
935,1,STEP,527164742850625,527164745579541,2728916,-1
936,1,STEP,527164745673791,527164748103166,2429375,-1
937,1,STEP,527164748204250,527164750566750,2362500,-1
938,1,STEP,527164750646250,527164753400791,2754541,-1
939,1,STEP,527164753481958,527164755809666,2327708,-1
940,1,STEP,527164755892041,527164758058125,2166084,-1
941,1,STEP,527164758140458,527164760872041,2731583,-1
942,1,STEP,527164760964541,527164763143916,2179375,-1
943,1,STEP,527164763232416,527164765776333,2543917,-1
944,1,STEP,527164765880166,527164768333125,2452959,-1
945,1,STEP,527164768414500,527164771095791,2681291,-1
946,1,STEP,527164771184375,527164773725125,2540750,-1
947,1,STEP,527164773816125,527164776179166,2363041,-1
948,1,STEP,527164776259666,527164778876750,2617084,-1
949,1,STEP,527164778976166,527164781215416,2239250,-1
950,1,STEP,527164781316333,527164783893208,2576875,-1
951,1,STEP,527164783974750,527164786138916,2164166,-1
952,1,STEP,527164786219708,527164788839541,2619833,-1
953,1,STEP,527164788932791,527164791745125,2812334,-1
954,1,STEP,527164791832333,527164794401375,2569042,-1
955,1,STEP,527164794484666,527164797091291,2606625,-1
956,1,STEP,527164797178791,527164799713958,2535167,-1
957,1,STEP,527164799797791,527164802345875,2548084,-1
958,1,STEP,527164802435125,527164804685208,2250083,-1
959,1,STEP,527164804797500,527164807044666,2247166,-1
960,1,STEP,527164807126833,527164809798333,2671500,-1
961,1,STEP,527164809892041,527164812831291,2939250,-1
962,1,STEP,527164812919083,527164815775083,2856000,-1
963,1,STEP,527164815870458,527164818322125,2451667,-1
964,1,STEP,527164818403291,527164821321458,2918167,-1
965,1,STEP,527164821407291,527164823704333,2297042,-1
966,1,STEP,527164823794375,527164826245208,2450833,-1
967,1,STEP,527164826322958,527164828788208,2465250,-1
968,1,STEP,527164828872125,527164831384583,2512458,-1
969,1,STEP,527164831478375,527164833820708,2342333,-1
970,1,STEP,527164833913416,527164836500916,2587500,-1
971,1,STEP,527164836582166,527164839182166,2600000,-1
972,1,STEP,527164839290291,527164841420791,2130500,-1
973,1,STEP,527164841503833,527164844012125,2508292,-1
974,1,STEP,527164844112750,527164846772041,2659291,-1
975,1,STEP,527164846866958,527164849174875,2307917,-1
976,1,STEP,527164849253708,527164851455875,2202167,-1
977,1,STEP,527164851549916,527164853886166,2336250,-1
978,1,STEP,527164853970875,527164856472625,2501750,-1
979,1,STEP,527164856570708,527164858957958,2387250,-1
980,1,STEP,527164859046916,527164861577291,2530375,-1
981,1,STEP,527164861667083,527164864084708,2417625,-1
982,1,STEP,527164864181875,527164866829333,2647458,-1
983,1,STEP,527164866921041,527164869683250,2762209,-1
984,1,STEP,527164869776833,527164872659083,2882250,-1
985,1,STEP,527164872759916,527164875295375,2535459,-1
986,1,STEP,527164875394291,527164877995208,2600917,-1
987,1,STEP,527164878092500,527164881100916,3008416,-1
988,1,STEP,527164881211375,527164883682000,2470625,-1
989,1,STEP,527164883777666,527164886392916,2615250,-1
990,1,STEP,527164886471541,527164889361041,2889500,-1
991,1,STEP,527164889452583,527164892183916,2731333,-1
992,1,STEP,527164892288291,527164894672750,2384459,-1
993,1,STEP,527164894768125,527164897311666,2543541,-1
994,1,STEP,527164897404875,527164900242916,2838041,-1
995,1,STEP,527164900336166,527164902438458,2102292,-1
996,1,STEP,527164902534958,527164904620875,2085917,-1
997,1,STEP,527164904718541,527164907127291,2408750,-1
998,1,STEP,527164907225583,527164909633666,2408083,-1
999,1,STEP,527164909713791,527164912528333,2814542,-1
